{"zface":{"view":"standard"},"zdoc":{"00630000032_1":{"name":"passport-new version（00630000032） Front","view":"passport_half_frame"},"00630000032_2":{"name":"passport-new version（00630000032） Back","view":"passport_half_frame"},"00630000004_1":{"name":"Driver's License（00630000004）","view":"standard_frame"},"00630000001_1":{"name":"UMID（00630000001）","view":"standard_frame"},"00630000024_1":{"name":"Philhealth Card（00630000024）","view":"standard_frame"},"00630000020_1":{"name":"SSS ID（00630000020）","view":"standard_frame"},"00630000017_1":{"name":"PRC ID（00630000017）","view":"standard_frame"},"00630000033_1":{"name":"Identification Card（00630000033） Front","view":"standard_frame"},"00630000033_2":{"name":"Identification Card（00630000033） Back","view":"standard_frame"},"00630000031_1":{"name":"passport-old version（00630000031） Front","view":"passport_half_frame"},"00630000031_2":{"name":"passport-old version（00630000031） Back","view":"passport_half_frame"}}}