{"title_back":"","system_error_title":"System error","system_error_msg":"Sorry, we encountered a system error. Please try again later.","system_error_got_it":"Got it","network_error_title":"Internet connection failed","network_error_msg":"Please check your internet connection and try again.","network_error_retry":"Retry","network_error_exit":"Quit","zdoc_title":"Let's scan your ID","zdoc_submit":"Submit","zdoc_retry":"Retake","zdoc_processing":"Processing...","zdoc_success":"Processing...","zdoc_user_cancel_title":"Are you sure to quit?","zdoc_user_cancel_msg":"Please make sure your ID is fully visible, glare free, and not blurred.","zdoc_user_cancel_stay":"Retry","zdoc_user_cancel_quit":"Quit","zdoc_camera_permission_title":"No camera permission","zdoc_camera_permission_msg":"Please allow the UNO Digital Bank app to access your camera by clicking on the Settings button below. ","zdoc_camera_permission_not_allow":"Quit","zdoc_camera_permission_settings":"Settings","zdoc_retry_max_title":"Invalid Attempts","zdoc_retry_max_msg":"We are detecting an invalid acceptable ID, you have used this previously or attempted multiple times. Please retry with better settings or an alternate identification.","zdoc_retry_max_got_it":"Got it","zdoc_expired_document_title":"ID expired","zdoc_expired_document_msg":"Please try with a different ID and make sure your ID is still valid.","zdoc_noface_title":"ID not fully detected","zdoc_noface_msg":"Please make sure the ID is fully visible, glare free and not blurred.","zdoc_exposure_title":"ID not fully detected","zdoc_exposure_msg":"Please make sure the ID is fully visible, glare free and not blurred.","zdoc_blur_title":"ID not fully detected","zdoc_blur_msg":"Please make sure the ID is fully visible, glare free and not blurred.","zdoc_imperfect_title":"ID not fully detected","zdoc_imperfect_msg":"Please make sure the ID is fully visible, glare free and not blurred.","zdoc_wrong_document_title":"ID invalid or missing","zdoc_wrong_document_msg":"Please make sure you are using the proper valid ID to proceed.","zdoc_unknow_title":"ID invalid or missing","zdoc_unknow_msg":"Please make sure you are using the proper valid ID to proceed.","zdoc_no_document_title":"ID invalid or missing","zdoc_no_document_msg":"Please make sure you are using the proper valid ID to proceed.","zdoc_dialog_close":"Quit","zdoc_dialog_retry":"Retry","zface_title":"Face Verification","zface_no_face":"Face can’t be detected","zface_not_in_center":"Face can’t be detected","zface_bad_pitch":"Face can’t be detected","zface_bad_yaw":"Face can’t be detected","zface_bad_quality":"Face can’t be detected","zface_distance_too_far":"Come closer, please.","zface_distance_too_close":"Move further from the camera","zface_bad_brightness":"Avoid side or back lighting","zface_bad_eye_openness":"Please show your eyes","zface_blink_openness":"Blink","zface_stack_time":"Keep still, please","zface_is_blur":"Make sure your camera is focused on your face","zface_is_moving":"Make sure your camera is focused on your face","zface_processing":"Processing...","zface_user_cancel_title":"Are you sure you want to quit?","zface_user_cancel_msg":"Please face straight at the camera and ensure your face is fully visible and clear.","zface_user_cancel_stay":"Retry","zface_user_cancel_quit":"Quit","zface_camera_without_permission_title":"No camera permission","zface_camera_without_permission_msg":"Please allow the UNO Digital Bank app to access your camera by clicking on the Settings button below. ","zface_camera_without_permission_go_settings":"Settings","zface_camera_without_permission_quit":"Quit","zface_retry_max_title":"Invalid Attempts","zface_retry_max_msg":"We are detecting an invalid acceptable ID, you have used this previously or attempted multiple times. Please retry with better settings or an alternate identification.","zface_retry_max_got_it":"Got it","zface_scan_fail_title":"Face verification failed","zface_scan_fail_msg":"Please face straight at the camera and ensure your face is fully visible and clear.","zface_scan_fail_retry":"Retry","zface_scan_fail_quit":"Quit","zface_time_out_title":"Face verification failed","zface_time_out_msg":"Please face straight at the camera and ensure your face is fully visible and clear.","zface_time_out_retry":"Retry","zface_time_out_quit":"Quit","zface_interrupt_title":"Face verification failed","zface_interrupt_msg":"Please face straight at the camera and ensure your face is fully visible and clear.","zface_interrupt_retry":"Retry","zface_interrupt_close":"Quit","zface_device_unsupport_msg":"Face verification is not supported on this device.","zface_device_unsupport_got_it":"Got it","zface_camera_init_error_msg":"Face verification is not supported on this device.","zface_camera_init_error_got_it":"Got it","zdoc_camera_init_error_msg":"Face verification is not supported on this device.","zdoc_camera_init_error_got_it":"Got it","zdoc_scan_tips_detail":"Place your ID within the frame until all 4 edges turn blue","zdoc_msg_too_far":"Move closer","zdoc_msg_too_close":"Move farther","zdoc_msg_integrity":"Move farther","zdoc_msg_tilting":"Avoid tilting","zdoc_msg_shadow":"Poor lighting. Avoid shadows.","zdoc_msg_occlusion":"An object is blocking face","zdoc_msg_reflection":"Avoid reflection in ID","zdoc_msg_blur":"Stay still","zdoc_msg_stack_time":"Perfect","zdoc_tips_00630000032_1":"Front page of passport","zdoc_msg_no_card_00630000032_1":"Scan the 2nd page of passport (Photo ID page)","zdoc_msg_wrong_card_00630000032_1":"Scan the 2nd page of passport (Photo ID page)","zdoc_tips_00630000032_2":"Back page of passport","zdoc_msg_no_card_00630000032_2":"Scan the 3rd page of passport (Signature page)","zdoc_msg_wrong_card_00630000032_2":"Scan the 3rd page of passport (Signature page)","zdoc_tips_00630000004_1":"Front page of ID","zdoc_msg_no_card_00630000004_1":"Scan the front side of your ID","zdoc_msg_wrong_card_00630000004_1":"Scan the front side of your ID","zdoc_tips_00630000001_1":"Front page of ID","zdoc_msg_no_card_00630000001_1":"Scan the front side of your ID","zdoc_msg_wrong_card_00630000001_1":"Scan the front side of your ID","zdoc_tips_00630000024_1":"Front page of ID","zdoc_msg_no_card_00630000024_1":"Scan the front side of your ID","zdoc_msg_wrong_card_00630000024_1":"Scan the front side of your ID","zdoc_tips_00630000020_1":"Front page of ID","zdoc_msg_no_card_00630000020_1":"Scan the front side of your ID","zdoc_msg_wrong_card_00630000020_1":"Scan the front side of your ID","zdoc_tips_00630000017_1":"Front page of ID","zdoc_msg_no_card_00630000017_1":"Scan the front side of your ID","zdoc_msg_wrong_card_00630000017_1":"Scan the front side of your ID","zdoc_tips_00630000033_1":"Front page of ID","zdoc_msg_no_card_00630000033_1":"Scan the front side of your ID","zdoc_msg_wrong_card_00630000033_1":"Scan the front side of your ID","zdoc_tips_00630000033_2":"Back page of ID","zdoc_msg_no_card_00630000033_2":"Scan the back side of your ID","zdoc_msg_wrong_card_00630000033_2":"Scan the back side of your ID","zdoc_tips_00630000031_1":"Front page of passport","zdoc_msg_no_card_00630000031_1":"Scan the 2nd page of passport (Photo ID page)","zdoc_msg_wrong_card_00630000031_1":"Scan the 2nd page of passport (Photo ID page)","zdoc_tips_00630000031_2":"Back page of passport","zdoc_msg_no_card_00630000031_2":"","zdoc_msg_wrong_card_00630000031_2":""}